{
  "list": [
    {
      "page": 5,
      "Type": 0,
      "Text": "DD",
      "FieldName": "_12a_header",
      "x": 368.4754,
      "y": 463.75,
      "width": 52.7000122,
      "height": 14.2300415,
      "FontSize": 11,
      "OtherPages": [
        3,
        5,
        7,
        8,
        9,
        1
      ]
    },
    {
      "page": 5,
      "Type": 0,
      "Text": "DD",
      "FieldName": "_12d_header",
      "x": 368.4754,
      "y": 408.349976,
      "width": 52.7000122,
      "height": 14.2300415,
      "FontSize": 11,
      "OtherPages": [
        3,
        5,
        7,
        8,
        9,
        1
      ]
    },
    {
      "page": 5,
      "Type": 0,
      "Text": "DD",
      "FieldName": "_12c_header",
      "x": 368.4754,
      "y": 427.25,
      "width": 52.7000122,
      "height": 14.2300415,
      "FontSize": 11,
      "OtherPages": [
        3,
        5,
        7,
        8,
        9,
        1
      ]
    },
    {
      "page": 5,
      "Type": 0,
      "Text": "DD",
      "FieldName": "_12b_header",
      "x": 368.4754,
      "y": 447.45,
      "width": 52.7000122,
      "height": 14.2300415,
      "FontSize": 11,
      "OtherPages": [
        3,
        5,
        7,
        8,
        9,
        1
      ]
    },
    {
      "page": 5,
      "Type": 0,
      "Text": "Other Text",
      "FieldName": "_11",
      "x": 270.958252,
      "y": 466.26,
      "width": 87.69922,
      "height": 14.210022,
      "FontSize": 11,
      "OtherPages": [
        3,
        5,
        7,
        8,
        9,
        1
      ]
    },
    {
      "page": 5,
      "Type": 0,
      "Text": "CA\nw",
      "FieldName": "State",
      "x": 33.7508545,
      "y": 380.449982,
      "width": 19.1000061,
      "height": 12.4300537,
      "FontSize": 11,
      "OtherPages": [
        3,
        5,
        7,
        8,
        9,
        1
      ]
    },
    {
      "page": 5,
      "Type": 0,
      "Text": "Other Text",
      "FieldName": "_10",
      "x": 368.358643,
      "y": 484.66,
      "width": 87.69922,
      "height": 14.210022,
      "FontSize": 11,
      "OtherPages": [
        3,
        5,
        7,
        8,
        9,
        1
      ]
    },
    {
      "page": 5,
      "Type": 0,
      "Text": "Other Text",
      "FieldName": "_12b",
      "x": 399.375366,
      "y": 449.05,
      "width": 52.7000122,
      "height": 14.2300415,
      "FontSize": 11,
      "OtherPages": [
        3,
        5,
        7,
        8,
        9,
        1
      ]
    },
    {
      "page": 5,
      "Type": 0,
      "Text": "Other Text",
      "FieldName": "_12c",
      "x": 399.375366,
      "y": 428.849976,
      "width": 52.7000122,
      "height": 14.2300415,
      "FontSize": 11,
      "OtherPages": [
        3,
        5,
        7,
        8,
        9,
        1
      ]
    },
    {
      "page": 5,
      "Type": 0,
      "Text": "Other Text",
      "FieldName": "Other",
      "x": 268.049622,
      "y": 424.175,
      "width": 87.1000061,
      "height": 18.0600586,
      "FontSize": 14,
      "OtherPages": [
        3,
        5,
        7,
        8,
        9,
        1
      ]
    },
    {
      "page": 5,
      "Type": 0,
      "Text": "Other Text",
      "FieldName": "StateIncomeTax",
      "x": 226.178543,
      "y": 380.55,
      "width": 62.625,
      "height": 12.4300537,
      "FontSize": 11,
      "OtherPages": [
        3,
        5,
        7,
        8,
        9,
        1
      ]
    },
    {
      "page": 5,
      "Type": 1,
      "Text": null,
      "FieldName": "RetirementPlan",
      "x": 305.5008,
      "y": 449.055,
      "width": 7.600006,
      "height": 8.340027,
      "FontSize": 0,
      "OtherPages": [
        3,
        5,
        7,
        8,
        9,
        1
      ]
    },
    {
      "page": 5,
      "Type": 1,
      "Text": null,
      "FieldName": "StatutoryEmployee",
      "x": 276.7,
      "y": 449.055,
      "width": 8.399994,
      "height": 8.340027,
      "FontSize": 0,
      "OtherPages": [
        3,
        5,
        7,
        8,
        9,
        1
      ]
    },
    {
      "page": 5,
      "Type": 1,
      "Text": null,
      "FieldName": "Void",
      "x": 104.349609,
      "y": 587.2201,
      "width": 9.5,
      "height": 9.030029,
      "FontSize": 0,
      "OtherPages": [
        1,
        9,
        1,
        1,
        1,
        9
      ]
    },
    {
      "page": 5,
      "Type": 0,
      "Text": "Other Text",
      "FieldName": "_3",
      "x": 270.958252,
      "y": 543.46,
      "width": 87.69922,
      "height": 14.210022,
      "FontSize": 11,
      "OtherPages": [
        3,
        5,
        7,
        8,
        9,
        1
      ]
    },
    {
      "page": 5,
      "Type": 0,
      "Text": "First Name",
      "FieldName": "FirstName",
      "x": 36.61653,
      "y": 467.745,
      "width": 79.70001,
      "height": 12.0,
      "FontSize": 11,
      "OtherPages": [
        3,
        5,
        7,
        8,
        9,
        1
      ]
    },
    {
      "page": 5,
      "Type": 0,
      "Text": "Control Number",
      "FieldName": "ControlNumber",
      "x": 34.651268,
      "y": 485.1,
      "width": 223.398438,
      "height": 13.1300049,
      "FontSize": 11,
      "OtherPages": [
        3,
        5,
        7,
        8,
        9,
        1
      ]
    },
    {
      "page": 5,
      "Type": 0,
      "Text": "Other Text",
      "FieldName": "StateWagesTipsEtc",
      "x": 157.575027,
      "y": 380.55,
      "width": 62.625,
      "height": 12.4300537,
      "FontSize": 11,
      "OtherPages": [
        3,
        5,
        7,
        8,
        9,
        1
      ]
    },
    {
      "page": 5,
      "Type": 0,
      "Text": "Other Text",
      "FieldName": "_2",
      "x": 368.358643,
      "y": 560.76,
      "width": 87.69922,
      "height": 14.210022,
      "FontSize": 11,
      "OtherPages": [
        3,
        5,
        7,
        8,
        9,
        1
      ]
    },
    {
      "page": 5,
      "Type": 0,
      "Text": "Other Text",
      "FieldName": "_1",
      "x": 270.958252,
      "y": 560.76,
      "width": 87.69922,
      "height": 14.210022,
      "FontSize": 11,
      "OtherPages": [
        3,
        5,
        7,
        8,
        9,
        1
      ]
    },
    {
      "page": 5,
      "Type": 0,
      "Text": "EIN\n",
      "FieldName": "EIN",
      "x": 36.3582153,
      "y": 560.95,
      "width": 221.6914,
      "height": 14.2300415,
      "FontSize": 11,
      "OtherPages": [
        3,
        5,
        7,
        8,
        9,
        1
      ]
    },
    {
      "page": 5,
      "Type": 0,
      "Text": "Other Text",
      "FieldName": "_12d",
      "x": 399.375366,
      "y": 409.95,
      "width": 52.7000122,
      "height": 14.2300415,
      "FontSize": 11,
      "OtherPages": [
        3,
        5,
        7,
        8,
        9,
        1
      ]
    },
    {
      "page": 5,
      "Type": 0,
      "Text": "Other Text",
      "FieldName": "_12a",
      "x": 399.375366,
      "y": 465.349976,
      "width": 52.7000122,
      "height": 14.2300415,
      "FontSize": 11,
      "OtherPages": [
        3,
        5,
        7,
        8,
        9,
        1
      ]
    },
    {
      "page": 5,
      "Type": 0,
      "Text": "Other Text",
      "FieldName": "_8",
      "x": 368.358643,
      "y": 504.56,
      "width": 87.69922,
      "height": 14.210022,
      "FontSize": 11,
      "OtherPages": [
        3,
        5,
        7,
        8,
        9,
        1
      ]
    },
    {
      "page": 5,
      "Type": 0,
      "Text": "Other Text",
      "FieldName": "_7",
      "x": 270.958252,
      "y": 503.76,
      "width": 87.69922,
      "height": 14.210022,
      "FontSize": 11,
      "OtherPages": [
        3,
        5,
        7,
        8,
        9,
        1
      ]
    },
    {
      "page": 5,
      "Type": 0,
      "Text": "Other Text",
      "FieldName": "_6",
      "x": 368.358643,
      "y": 523.160034,
      "width": 87.69922,
      "height": 14.210022,
      "FontSize": 11,
      "OtherPages": [
        3,
        5,
        7,
        8,
        9,
        1
      ]
    },
    {
      "page": 5,
      "Type": 0,
      "Text": "Other Text",
      "FieldName": "LocalIncomeTax",
      "x": 357.278137,
      "y": 380.55,
      "width": 62.625,
      "height": 12.4300537,
      "FontSize": 11,
      "OtherPages": [
        3,
        5,
        7,
        8,
        9,
        1
      ]
    },
    {
      "page": 5,
      "Type": 0,
      "Text": "Other Text",
      "FieldName": "LocalityName",
      "x": 418.6735,
      "y": 380.85,
      "width": 37.3999939,
      "height": 12.1300049,
      "FontSize": 11,
      "OtherPages": [
        3,
        5,
        7,
        8,
        9,
        1
      ]
    },
    {
      "page": 5,
      "Type": 0,
      "Text": "Address ZIP",
      "FieldName": "EmployerAddressZIP",
      "x": 126.759125,
      "y": 399.85,
      "width": 134.089844,
      "height": 14.6300049,
      "FontSize": 11,
      "OtherPages": [
        3,
        5,
        7,
        8,
        9,
        1
      ]
    },
    {
      "page": 5,
      "Type": 0,
      "Text": "SSN",
      "FieldName": "SSN",
      "x": 126.759018,
      "y": 580.76,
      "width": 87.69922,
      "height": 14.210022,
      "FontSize": 11,
      "OtherPages": [
        3,
        5,
        7,
        8,
        9,
        1
      ]
    },
    {
      "page": 5,
      "Type": 1,
      "Text": null,
      "FieldName": "ThirdPartySickPay",
      "x": 334.05,
      "y": 449.055,
      "width": 8.299988,
      "height": 8.340027,
      "FontSize": 0,
      "OtherPages": [
        3,
        5,
        7,
        8,
        9,
        1
      ]
    },
    {
      "page": 5,
      "Type": 0,
      "Text": "Other Text",
      "FieldName": "_9",
      "x": 270.958252,
      "y": 486.16,
      "width": 87.69922,
      "height": 14.210022,
      "FontSize": 11,
      "OtherPages": [
        3,
        5,
        7,
        8,
        9,
        1
      ]
    },
    {
      "page": 5,
      "Type": 0,
      "Text": "Other Text",
      "FieldName": "_5",
      "x": 270.958252,
      "y": 523.46,
      "width": 87.69922,
      "height": 14.210022,
      "FontSize": 11,
      "OtherPages": [
        3,
        5,
        7,
        8,
        9,
        1
      ]
    },
    {
      "page": 5,
      "Type": 0,
      "Text": "Suff",
      "FieldName": "Suff",
      "x": 246.864212,
      "y": 467.74,
      "width": 16.2000122,
      "height": 12.7300415,
      "FontSize": 11,
      "OtherPages": [
        3,
        5,
        7,
        8,
        9,
        1
      ]
    },
    {
      "page": 5,
      "Type": 0,
      "Text": "Name Address Zip",
      "FieldName": "NameAddressZIP",
      "x": 34.6507874,
      "y": 530.9,
      "width": 208.299988,
      "height": 22.3300171,
      "FontSize": 15,
      "OtherPages": [
        3,
        5,
        7,
        8,
        9,
        1
      ]
    },
    {
      "page": 5,
      "Type": 0,
      "Text": "Other Text",
      "FieldName": "EmployersStateID",
      "x": 68.1367645,
      "y": 380.849976,
      "width": 112.898438,
      "height": 12.4300537,
      "FontSize": 11,
      "OtherPages": [
        3,
        5,
        7,
        8,
        9,
        1
      ]
    },
    {
      "page": 5,
      "Type": 0,
      "Text": "Other Text",
      "FieldName": "LocalWagesTipsEtc",
      "x": 289.8797,
      "y": 380.55,
      "width": 62.625,
      "height": 12.4300537,
      "FontSize": 11,
      "OtherPages": [
        3,
        5,
        7,
        8,
        9,
        1
      ]
    },
    {
      "page": 5,
      "Type": 0,
      "Text": "Other Text",
      "FieldName": "_4",
      "x": 368.358643,
      "y": 543.160034,
      "width": 87.69922,
      "height": 14.210022,
      "FontSize": 11,
      "OtherPages": [
        3,
        5,
        7,
        8,
        9,
        1
      ]
    },
    {
      "page": 5,
      "Type": 0,
      "Text": "Last Name",
      "FieldName": "LastName",
      "x": 143.016525,
      "y": 467.745,
      "width": 79.70001,
      "height": 12.0,
      "FontSize": 11,
      "OtherPages": [
        3,
        5,
        7,
        8,
        9,
        1
      ]
    }
  ],
  "image": {
    "totalPages": 11,
    "x": -314.265,
    "y": -243.0,
    "width": 486.0,
    "height": 628.53
  }
}